cluster,temp_yoy_change,temp_cumulative_change,bws_raw,drr_raw
-1,-0.13947058823529412,-0.11358543417366947,0.8076214764053405,0.4806262763870726
0,-0.1554245283018868,-0.21205750224618147,0.1775648188462756,0.4685041827013163
1,-0.22220000000000004,-1.1634285714285715,0.19036006493018642,0.5287739500845788
