,temp_yoy_change,temp_cumulative_change,bws_raw,drr_raw
temp_yoy_change,1.0,0.6172639963357095,0.015821950575013927,0.013599522991468035
temp_cumulative_change,0.6172639963357095,1.0,0.057148563348491214,0.009223304539282369
bws_raw,0.015821950575013927,0.057148563348491214,1.0,-0.0043459188295201885
drr_raw,0.013599522991468035,0.009223304539282369,-0.0043459188295201885,1.0
