feature,importance
temp_yoy_change,0.3489164499454511
temp_cumulative_change,0.3274697366673617
bws_raw,0.1916878226749487
drr_raw,0.13192599071223857
