dataset,dbcv_score,min_cluster_size,min_samples
combined,0.2853082897580405,4,4
datacenters,0.2615339350784524,4,4
cities,0.22769882561852356,4,5
