feature,statistic,p_value
year,6958098.0,1.0
temp_yoy_change,6689567.5,0.013434730952437425
temp_cumulative_change,7675069.0,3.257624670896016e-12
bws_raw,8067213.0,2.2502743150278225e-28
drr_raw,7200648.0,0.010139857969802893
